year,month,date,tag,month_count_per_tag,overall_count,percent,running_count
"2008","7","2008-07-01 00:00:00","c#","3","4","75","3"
"2008","8","2008-08-01 00:00:00","c#","507","3805","13.324572930354","510"
"2008","8","2008-08-01 00:00:00","c++","164","3805","4.31011826544","164"
"2008","8","2008-08-01 00:00:00","java","222","3805","5.834428383705","222"
"2008","8","2008-08-01 00:00:00","javascript","164","3805","4.31011826544","164"
"2008","8","2008-08-01 00:00:00","php","160","3805","4.204993429697","160"
"2008","8","2008-08-01 00:00:00","python","121","3805","3.180026281208","121"
"2008","9","2008-09-01 00:00:00","c#","1648","14217","11.591756348034","2158"
"2008","9","2008-09-01 00:00:00","c++","754","14217","5.303509882534","918"
"2008","9","2008-09-01 00:00:00","java","1135","14217","7.983400154744","1357"
"2008","9","2008-09-01 00:00:00","javascript","638","14217","4.487585285221","802"
"2008","9","2008-09-01 00:00:00","php","480","14217","3.376239713019","640"
"2008","9","2008-09-01 00:00:00","python","537","14217","3.77716817894","658"
"2008","10","2008-10-01 00:00:00","c#","1989","14701","13.529691857696","4147"
"2008","10","2008-10-01 00:00:00","c++","810","14701","5.509829263315","1728"
"2008","10","2008-10-01 00:00:00","java","1153","14701","7.843003877287","2510"
"2008","10","2008-10-01 00:00:00","javascript","725","14701","4.931637303584","1527"
"2008","10","2008-10-01 00:00:00","php","615","14701","4.183388885109","1255"
"2008","10","2008-10-01 00:00:00","python","508","14701","3.455547241684","1166"
"2008","11","2008-11-01 00:00:00","c#","1732","12803","13.5280793564","5879"
"2008","11","2008-11-01 00:00:00","c++","734","12803","5.733031320784","2462"
"2008","11","2008-11-01 00:00:00","java","957","12803","7.474810591267","3467"
"2008","11","2008-11-01 00:00:00","javascript","580","12803","4.530188237131","2107"
"2008","11","2008-11-01 00:00:00","php","502","12803","3.920956025931","1757"
"2008","11","2008-11-01 00:00:00","python","452","12803","3.530422557213","1618"
"2008","12","2008-12-01 00:00:00","c#","1597","12170","13.122432210353","7476"
"2008","12","2008-12-01 00:00:00","c++","632","12170","5.193097781429","3094"
"2008","12","2008-12-01 00:00:00","java","829","12170","6.811832374691","4296"
"2008","12","2008-12-01 00:00:00","javascript","626","12170","5.143796220213","2733"
"2008","12","2008-12-01 00:00:00","php","479","12170","3.935907970419","2236"
"2008","12","2008-12-01 00:00:00","python","439","12170","3.607230895645","2057"
"2009","1","2009-01-01 00:00:00","c#","2378","15956","14.903484582602","9854"
"2009","1","2009-01-01 00:00:00","c++","851","15956","5.333416896465","3945"
"2009","1","2009-01-01 00:00:00","java","1148","15956","7.194785660566","5444"
"2009","1","2009-01-01 00:00:00","javascript","792","15956","4.963650037603","3525"
"2009","1","2009-01-01 00:00:00","php","634","15956","3.973426924041","2870"
"2009","1","2009-01-01 00:00:00","python","631","15956","3.954625219353","2688"
"2009","2","2009-02-01 00:00:00","c#","2599","17694","14.688595003956","12453"
"2009","2","2009-02-01 00:00:00","c++","843","17694","4.764326890471","4788"
"2009","2","2009-02-01 00:00:00","java","1207","17694","6.82152141969","6651"
"2009","2","2009-02-01 00:00:00","javascript","948","17694","5.357748389284","4473"
"2009","2","2009-02-01 00:00:00","php","764","17694","4.31784785803","3634"
"2009","2","2009-02-01 00:00:00","python","629","17694","3.554877359556","3317"
"2009","3","2009-03-01 00:00:00","c#","3163","20577","15.371531321378","15616"
"2009","3","2009-03-01 00:00:00","c++","1052","20577","5.11250425232","5840"
"2009","3","2009-03-01 00:00:00","java","1436","20577","6.978665500315","8087"
"2009","3","2009-03-01 00:00:00","javascript","1007","20577","4.893813481071","5480"
"2009","3","2009-03-01 00:00:00","php","901","20577","4.378675219905","4535"
"2009","3","2009-03-01 00:00:00","python","764","20577","3.712883316324","4081"
"2009","4","2009-04-01 00:00:00","c#","3311","21453","15.43373887102","18927"
"2009","4","2009-04-01 00:00:00","c++","1019","21453","4.749918426327","6859"
"2009","4","2009-04-01 00:00:00","java","1532","21453","7.141192374026","9619"
"2009","4","2009-04-01 00:00:00","javascript","1050","21453","4.894420360788","6530"
"2009","4","2009-04-01 00:00:00","php","962","21453","4.484221321027","5497"
"2009","4","2009-04-01 00:00:00","python","767","21453","3.575257539738","4848"
"2009","5","2009-05-01 00:00:00","c#","3554","25941","13.700319956825","22481"
"2009","5","2009-05-01 00:00:00","c++","1216","25941","4.687560232836","8075"
"2009","5","2009-05-01 00:00:00","java","1816","25941","7.000501137195","11435"
"2009","5","2009-05-01 00:00:00","javascript","1432","25941","5.520218958405","7962"
"2009","5","2009-05-01 00:00:00","php","1177","25941","4.537219074052","6674"
"2009","5","2009-05-01 00:00:00","python","998","25941","3.847191704251","5846"
"2009","6","2009-06-01 00:00:00","c#","3880","28462","13.632211369545","26361"
"2009","6","2009-06-01 00:00:00","c++","1252","28462","4.398847586255","9327"
"2009","6","2009-06-01 00:00:00","java","2113","28462","7.42393366594","13548"
"2009","6","2009-06-01 00:00:00","javascript","1556","28462","5.466938373972","9518"
"2009","6","2009-06-01 00:00:00","php","1577","28462","5.540720961281","8251"
"2009","6","2009-06-01 00:00:00","python","1044","28462","3.668048626238","6890"
"2009","7","2009-07-01 00:00:00","c#","4408","32652","13.499938748009","30769"
"2009","7","2009-07-01 00:00:00","c++","1465","32652","4.48670831802","10792"
"2009","7","2009-07-01 00:00:00","java","2256","32652","6.909224549797","15804"
"2009","7","2009-07-01 00:00:00","javascript","1753","32652","5.368736983951","11271"
"2009","7","2009-07-01 00:00:00","php","2028","32652","6.210951855935","10279"
"2009","7","2009-07-01 00:00:00","python","1161","32652","3.555678059536","8051"
"2009","8","2009-08-01 00:00:00","c#","4456","32912","13.539134662129","35225"
"2009","8","2009-08-01 00:00:00","c++","1400","32912","4.253767622751","12192"
"2009","8","2009-08-01 00:00:00","java","2188","32912","6.648031113271","17992"
"2009","8","2009-08-01 00:00:00","javascript","1856","32912","5.63928050559","13127"
"2009","8","2009-08-01 00:00:00","php","2183","32912","6.632839086047","12462"
"2009","8","2009-08-01 00:00:00","python","1138","32912","3.457705396208","9189"
"2009","9","2009-09-01 00:00:00","c#","4351","33185","13.111345487419","39576"
"2009","9","2009-09-01 00:00:00","c++","1461","33185","4.402591532318","13653"
"2009","9","2009-09-01 00:00:00","java","2261","33185","6.813319270754","20253"
"2009","9","2009-09-01 00:00:00","javascript","1757","33185","5.29456079554","14884"
"2009","9","2009-09-01 00:00:00","php","2263","33185","6.8193460901","14725"
"2009","9","2009-09-01 00:00:00","python","1165","33185","3.510622269097","10354"
"2009","10","2009-10-01 00:00:00","c#","4722","36489","12.940886294499","44298"
"2009","10","2009-10-01 00:00:00","c++","1685","36489","4.617830030968","15338"
"2009","10","2009-10-01 00:00:00","java","2503","36489","6.859601523746","22756"
"2009","10","2009-10-01 00:00:00","javascript","2044","36489","5.601688179999","16928"
"2009","10","2009-10-01 00:00:00","php","2359","36489","6.464962043355","17084"
"2009","10","2009-10-01 00:00:00","python","1420","36489","3.89158376497","11774"
"2009","11","2009-11-01 00:00:00","c#","4680","38656","12.10678807947","48978"
"2009","11","2009-11-01 00:00:00","c++","1750","38656","4.527110927152","17088"
"2009","11","2009-11-01 00:00:00","java","2760","38656","7.139900662251","25516"
"2009","11","2009-11-01 00:00:00","javascript","2229","38656","5.766245860927","19157"
"2009","11","2009-11-01 00:00:00","php","2685","38656","6.945881622516","19769"
"2009","11","2009-11-01 00:00:00","python","1554","38656","4.020074503311","13328"
"2009","12","2009-12-01 00:00:00","c#","4486","37948","11.821439865078","53464"
"2009","12","2009-12-01 00:00:00","c++","1653","37948","4.355960788447","18741"
"2009","12","2009-12-01 00:00:00","java","2686","37948","7.078106883103","28202"
"2009","12","2009-12-01 00:00:00","javascript","2307","37948","6.079371771898","21464"
"2009","12","2009-12-01 00:00:00","php","2827","37948","7.449667966691","22596"
"2009","12","2009-12-01 00:00:00","python","1588","37948","4.184673764098","14916"
"2010","1","2010-01-01 00:00:00","c#","5113","45120","11.332003546099","58577"
"2010","1","2010-01-01 00:00:00","c++","1998","45120","4.428191489361","20739"
"2010","1","2010-01-01 00:00:00","java","3726","45120","8.257978723404","31928"
"2010","1","2010-01-01 00:00:00","javascript","2623","45120","5.813386524822","24087"
"2010","1","2010-01-01 00:00:00","php","3433","45120","7.60859929078","26029"
"2010","1","2010-01-01 00:00:00","python","1946","45120","4.312943262411","16862"
"2010","2","2010-02-01 00:00:00","c#","5097","44974","11.333214746297","63674"
"2010","2","2010-02-01 00:00:00","c++","2276","44974","5.060701738782","23015"
"2010","2","2010-02-01 00:00:00","java","3576","44974","7.95126072842","35504"
"2010","2","2010-02-01 00:00:00","javascript","2641","44974","5.872281762796","26728"
"2010","2","2010-02-01 00:00:00","php","3166","44974","7.039622893227","29195"
"2010","2","2010-02-01 00:00:00","python","1864","44974","4.144616889758","18726"
"2010","3","2010-03-01 00:00:00","c#","6034","52430","11.50867823765","69708"
"2010","3","2010-03-01 00:00:00","c++","2435","52430","4.64428762159","25450"
"2010","3","2010-03-01 00:00:00","java","4443","52430","8.474156017547","39947"
"2010","3","2010-03-01 00:00:00","javascript","2988","52430","5.699027274461","29716"
"2010","3","2010-03-01 00:00:00","php","3744","52430","7.140949837879","32939"
"2010","3","2010-03-01 00:00:00","python","2073","52430","3.95384321953","20799"
"2010","4","2010-04-01 00:00:00","c#","5779","50236","11.503702524086","75487"
"2010","4","2010-04-01 00:00:00","c++","2490","50236","4.956604825224","27940"
"2010","4","2010-04-01 00:00:00","java","3886","50236","7.735488494306","43833"
"2010","4","2010-04-01 00:00:00","javascript","3007","50236","5.985747272872","32723"
"2010","4","2010-04-01 00:00:00","php","3645","50236","7.255752846564","36584"
"2010","4","2010-04-01 00:00:00","python","1812","50236","3.606975077633","22611"
"2010","5","2010-05-01 00:00:00","c#","5931","52187","11.364899304424","81418"
"2010","5","2010-05-01 00:00:00","c++","2420","52187","4.63717017648","30360"
"2010","5","2010-05-01 00:00:00","java","4170","52187","7.990495717324","48003"
"2010","5","2010-05-01 00:00:00","javascript","3233","52187","6.195029413455","35956"
"2010","5","2010-05-01 00:00:00","php","3990","52187","7.645582233123","40574"
"2010","5","2010-05-01 00:00:00","python","2008","52187","3.847701534865","24619"
"2010","6","2010-06-01 00:00:00","c#","6145","55970","10.979095944255","87563"
"2010","6","2010-06-01 00:00:00","c++","2825","55970","5.047346792924","33185"
"2010","6","2010-06-01 00:00:00","java","4281","55970","7.648740396641","52284"
"2010","6","2010-06-01 00:00:00","javascript","3472","55970","6.203323208861","39428"
"2010","6","2010-06-01 00:00:00","php","4090","55970","7.307486153296","44664"
"2010","6","2010-06-01 00:00:00","python","2205","55970","3.939610505628","26824"
"2010","7","2010-07-01 00:00:00","c#","6683","61081","10.941209213994","94246"
"2010","7","2010-07-01 00:00:00","c++","2684","61081","4.394165124997","35869"
"2010","7","2010-07-01 00:00:00","java","4516","61081","7.393461141762","56800"
"2010","7","2010-07-01 00:00:00","javascript","3880","61081","6.352220821532","43308"
"2010","7","2010-07-01 00:00:00","php","4599","61081","7.529346277893","49263"
"2010","7","2010-07-01 00:00:00","python","2593","61081","4.245182626348","29417"
"2010","8","2010-08-01 00:00:00","c#","6964","63911","10.896402810157","101210"
"2010","8","2010-08-01 00:00:00","c++","2636","63911","4.124485612805","38505"
"2010","8","2010-08-01 00:00:00","java","4705","63911","7.361800003129","61505"
"2010","8","2010-08-01 00:00:00","javascript","4002","63911","6.261832861322","47310"
"2010","8","2010-08-01 00:00:00","php","5139","63911","8.040869333917","54402"
"2010","8","2010-08-01 00:00:00","python","2491","63911","3.897607610583","31908"
"2010","9","2010-09-01 00:00:00","c#","6409","61450","10.429617575264","107619"
"2010","9","2010-09-01 00:00:00","c++","2733","61450","4.447518307567","41238"
"2010","9","2010-09-01 00:00:00","java","4716","61450","7.674532139951","66221"
"2010","9","2010-09-01 00:00:00","javascript","3997","61450","6.504475183075","51307"
"2010","9","2010-09-01 00:00:00","php","4694","61450","7.638730675345","59096"
"2010","9","2010-09-01 00:00:00","python","2248","61450","3.658258746948","34156"
"2010","10","2010-10-01 00:00:00","c#","6736","64045","10.517604809118","114355"
"2010","10","2010-10-01 00:00:00","c++","2934","64045","4.58115387618","44172"
"2010","10","2010-10-01 00:00:00","java","5027","64045","7.84916855336","71248"
"2010","10","2010-10-01 00:00:00","javascript","4112","64045","6.420485596065","55419"
"2010","10","2010-10-01 00:00:00","php","4513","64045","7.046607853852","63609"
"2010","10","2010-10-01 00:00:00","python","2673","64045","4.17362791787","36829"
"2010","11","2010-11-01 00:00:00","c#","7319","69964","10.461094277056","121674"
"2010","11","2010-11-01 00:00:00","c++","3375","69964","4.82390943914","47547"
"2010","11","2010-11-01 00:00:00","java","5596","69964","7.998399176719","76844"
"2010","11","2010-11-01 00:00:00","javascript","4547","69964","6.499056657709","59966"
"2010","11","2010-11-01 00:00:00","php","5113","69964","7.308044136984","68722"
"2010","11","2010-11-01 00:00:00","python","2606","69964","3.724772740266","39435"
"2010","12","2010-12-01 00:00:00","c#","7107","69862","10.172912312845","128781"
"2010","12","2010-12-01 00:00:00","c++","3137","69862","4.490280839369","50684"
"2010","12","2010-12-01 00:00:00","java","5679","69862","8.128882654375","82523"
"2010","12","2010-12-01 00:00:00","javascript","4954","69862","7.09112249864","64920"
"2010","12","2010-12-01 00:00:00","php","5390","69862","7.715209985399","74112"
"2010","12","2010-12-01 00:00:00","python","2482","69862","3.552718215911","41917"
"2011","1","2011-01-01 00:00:00","c#","7985","80291","9.945074790449","136766"
"2011","1","2011-01-01 00:00:00","c++","3491","80291","4.347934388661","54175"
"2011","1","2011-01-01 00:00:00","java","6538","80291","8.142880273006","89061"
"2011","1","2011-01-01 00:00:00","javascript","5424","80291","6.7554271338","70344"
"2011","1","2011-01-01 00:00:00","php","6436","80291","8.015842373366","80548"
"2011","1","2011-01-01 00:00:00","python","2902","80291","3.61435279172","44819"
"2011","2","2011-02-01 00:00:00","c#","8222","83330","9.866794671786","144988"
"2011","2","2011-02-01 00:00:00","c++","3443","83330","4.13176527061","57618"
"2011","2","2011-02-01 00:00:00","java","6870","83330","8.24432977319","95931"
"2011","2","2011-02-01 00:00:00","javascript","5591","83330","6.709468378735","75935"
"2011","2","2011-02-01 00:00:00","php","6710","83330","8.052322092883","87258"
"2011","2","2011-02-01 00:00:00","python","3011","83330","3.613344533781","47830"
"2011","3","2011-03-01 00:00:00","c#","9987","101491","9.840281404262","154975"
"2011","3","2011-03-01 00:00:00","c++","4179","101491","4.117606487274","61797"
"2011","3","2011-03-01 00:00:00","java","8474","101491","8.349508823442","104405"
"2011","3","2011-03-01 00:00:00","javascript","6769","101491","6.669556906523","82704"
"2011","3","2011-03-01 00:00:00","php","8108","101491","7.988885714004","95366"
"2011","3","2011-03-01 00:00:00","python","3749","101491","3.693923599136","51579"
"2011","4","2011-04-01 00:00:00","c#","9281","96111","9.65654295554","164256"
"2011","4","2011-04-01 00:00:00","c++","4164","96111","4.332490557792","65961"
"2011","4","2011-04-01 00:00:00","java","7899","96111","8.21862221806","112304"
"2011","4","2011-04-01 00:00:00","javascript","6880","96111","7.158389778485","89584"
"2011","4","2011-04-01 00:00:00","php","7653","96111","7.962668164934","103019"
"2011","4","2011-04-01 00:00:00","python","3341","96111","3.476188989813","54920"
"2011","5","2011-05-01 00:00:00","c#","10015","100943","9.921440813132","174271"
"2011","5","2011-05-01 00:00:00","c++","3882","100943","3.845734721575","69843"
"2011","5","2011-05-01 00:00:00","java","8567","100943","8.486967892771","120871"
"2011","5","2011-05-01 00:00:00","javascript","7311","100943","7.242701326491","96895"
"2011","5","2011-05-01 00:00:00","php","8104","100943","8.028293195169","111123"
"2011","5","2011-05-01 00:00:00","python","3513","100943","3.480181884826","58433"
"2011","6","2011-06-01 00:00:00","c#","9762","99780","9.783523752254","184033"
"2011","6","2011-06-01 00:00:00","c++","3811","99780","3.819402685908","73654"
"2011","6","2011-06-01 00:00:00","java","7910","99780","7.927440368811","128781"
"2011","6","2011-06-01 00:00:00","javascript","7688","99780","7.704950891962","104583"
"2011","6","2011-06-01 00:00:00","php","8045","99780","8.062738023652","119168"
"2011","6","2011-06-01 00:00:00","python","3469","99780","3.476648626979","61902"
"2011","7","2011-07-01 00:00:00","c#","9609","101354","9.480632239477","193642"
"2011","7","2011-07-01 00:00:00","c++","3850","101354","3.798567397438","77504"
"2011","7","2011-07-01 00:00:00","java","8160","101354","8.050989600805","136941"
"2011","7","2011-07-01 00:00:00","javascript","8115","101354","8.006590761094","112698"
"2011","7","2011-07-01 00:00:00","php","8701","101354","8.584762318211","127869"
"2011","7","2011-07-01 00:00:00","python","3662","101354","3.613078911537","65564"
"2011","8","2011-08-01 00:00:00","c#","10072","107935","9.331542131838","203714"
"2011","8","2011-08-01 00:00:00","c++","3952","107935","3.661462917496","81456"
"2011","8","2011-08-01 00:00:00","java","8690","107935","8.051141890952","145631"
"2011","8","2011-08-01 00:00:00","javascript","8913","107935","8.257747718534","121611"
"2011","8","2011-08-01 00:00:00","php","8941","107935","8.283689257423","136810"
"2011","8","2011-08-01 00:00:00","python","3827","107935","3.545652476027","69391"
"2011","9","2011-09-01 00:00:00","c#","9306","102856","9.047600528894","213020"
"2011","9","2011-09-01 00:00:00","c++","3944","102856","3.834487049856","85400"
"2011","9","2011-09-01 00:00:00","java","8331","102856","8.099673329703","153962"
"2011","9","2011-09-01 00:00:00","javascript","8198","102856","7.970366337403","129809"
"2011","9","2011-09-01 00:00:00","php","8080","102856","7.855642840476","144890"
"2011","9","2011-09-01 00:00:00","python","3520","102856","3.422260247336","72911"
"2011","10","2011-10-01 00:00:00","c#","9229","102216","9.0289191516","222249"
"2011","10","2011-10-01 00:00:00","c++","4355","102216","4.260585426939","89755"
"2011","10","2011-10-01 00:00:00","java","8564","102216","8.37833607263","162526"
"2011","10","2011-10-01 00:00:00","javascript","8042","102216","7.867652813649","137851"
"2011","10","2011-10-01 00:00:00","php","8082","102216","7.906785630429","152972"
"2011","10","2011-10-01 00:00:00","python","3625","102216","3.546411520701","76536"
"2011","11","2011-11-01 00:00:00","c#","9914","109789","9.030048547668","232163"
"2011","11","2011-11-01 00:00:00","c++","4483","109789","4.083287032398","94238"
"2011","11","2011-11-01 00:00:00","java","9653","109789","8.79231981346","172179"
"2011","11","2011-11-01 00:00:00","javascript","8697","109789","7.921558626091","146548"
"2011","11","2011-11-01 00:00:00","php","8700","109789","7.924291140278","161672"
"2011","11","2011-11-01 00:00:00","python","3877","109789","3.531319166765","80413"
"2011","12","2011-12-01 00:00:00","c#","9323","104548","8.917435053755","241486"
"2011","12","2011-12-01 00:00:00","c++","4362","104548","4.172246240961","98600"
"2011","12","2011-12-01 00:00:00","java","9213","104548","8.812220224203","181392"
"2011","12","2011-12-01 00:00:00","javascript","8346","104548","7.982936067643","154894"
"2011","12","2011-12-01 00:00:00","php","8352","104548","7.988675058346","170024"
"2011","12","2011-12-01 00:00:00","python","3621","104548","3.46348088916","84034"
"2012","1","2012-01-01 00:00:00","c#","10459","117139","8.92870862821","251945"
"2012","1","2012-01-01 00:00:00","c++","4548","117139","3.882566865006","103148"
"2012","1","2012-01-01 00:00:00","java","10152","117139","8.666626827956","191544"
"2012","1","2012-01-01 00:00:00","javascript","9613","117139","8.206489725881","164507"
"2012","1","2012-01-01 00:00:00","php","9334","117139","7.968311151708","179358"
"2012","1","2012-01-01 00:00:00","python","4212","117139","3.595728152024","88246"
"2012","2","2012-02-01 00:00:00","c#","10766","124956","8.615832773136","262711"
"2012","2","2012-02-01 00:00:00","c++","5105","124956","4.085438074202","108253"
"2012","2","2012-02-01 00:00:00","java","10961","124956","8.771887704471","202505"
"2012","2","2012-02-01 00:00:00","javascript","9998","124956","8.001216428182","174505"
"2012","2","2012-02-01 00:00:00","php","9949","124956","7.962002624923","189307"
"2012","2","2012-02-01 00:00:00","python","4493","124956","3.595665674317","92739"
"2012","3","2012-03-01 00:00:00","c#","11604","134931","8.59995108611","274315"
"2012","3","2012-03-01 00:00:00","c++","5235","134931","3.879760766614","113488"
"2012","3","2012-03-01 00:00:00","java","12409","134931","9.196552311922","214914"
"2012","3","2012-03-01 00:00:00","javascript","10720","134931","7.94480141702","185225"
"2012","3","2012-03-01 00:00:00","php","10909","134931","8.084873009167","200216"
"2012","3","2012-03-01 00:00:00","python","5040","134931","3.735242457255","97779"
"2012","4","2012-04-01 00:00:00","c#","11133","130043","8.561014433687","285448"
"2012","4","2012-04-01 00:00:00","c++","5309","130043","4.082495789854","118797"
"2012","4","2012-04-01 00:00:00","java","12035","130043","9.254631160462","226949"
"2012","4","2012-04-01 00:00:00","javascript","10680","130043","8.212668117468","195905"
"2012","4","2012-04-01 00:00:00","php","10423","130043","8.015041178687","210639"
"2012","4","2012-04-01 00:00:00","python","4920","130043","3.783363964227","102699"
"2012","5","2012-05-01 00:00:00","c#","11580","135657","8.53623476857","297028"
"2012","5","2012-05-01 00:00:00","c++","4990","135657","3.678394775057","123787"
"2012","5","2012-05-01 00:00:00","java","12186","135657","8.98294964506","239135"
"2012","5","2012-05-01 00:00:00","javascript","11527","135657","8.497165645709","207432"
"2012","5","2012-05-01 00:00:00","php","10945","135657","8.068142447496","221584"
"2012","5","2012-05-01 00:00:00","python","5102","135657","3.760955940349","107801"
"2012","6","2012-06-01 00:00:00","c#","11324","131881","8.586528764568","308352"
"2012","6","2012-06-01 00:00:00","c++","4650","131881","3.525905930346","128437"
"2012","6","2012-06-01 00:00:00","java","11103","131881","8.418953450459","250238"
"2012","6","2012-06-01 00:00:00","javascript","11238","131881","8.52131846134","218670"
"2012","6","2012-06-01 00:00:00","php","10593","131881","8.03224118713","232177"
"2012","6","2012-06-01 00:00:00","python","5280","131881","4.003609314457","113081"
"2012","7","2012-07-01 00:00:00","c#","12317","143197","8.601437180946","320669"
"2012","7","2012-07-01 00:00:00","c++","5280","143197","3.687228084387","133717"
"2012","7","2012-07-01 00:00:00","java","12252","143197","8.556045168544","262490"
"2012","7","2012-07-01 00:00:00","javascript","12314","143197","8.599342164989","230984"
"2012","7","2012-07-01 00:00:00","php","11740","143197","8.198495778542","243917"
"2012","7","2012-07-01 00:00:00","python","5724","143197","3.997290446028","118805"
"2012","8","2012-08-01 00:00:00","c#","11945","142510","8.381867939091","332614"
"2012","8","2012-08-01 00:00:00","c++","5161","142510","3.621500245596","138878"
"2012","8","2012-08-01 00:00:00","java","12256","142510","8.60009823872","274746"
"2012","8","2012-08-01 00:00:00","javascript","12435","142510","8.725703459406","243419"
"2012","8","2012-08-01 00:00:00","php","11895","142510","8.346782681917","255812"
"2012","8","2012-08-01 00:00:00","python","5860","142510","4.111992140902","124665"
"2012","9","2012-09-01 00:00:00","c#","11275","133259","8.460966989096","343889"
"2012","9","2012-09-01 00:00:00","c++","4909","133259","3.683803720574","143787"
"2012","9","2012-09-01 00:00:00","java","11616","133259","8.716859649254","286362"
"2012","9","2012-09-01 00:00:00","javascript","11173","133259","8.384424316556","254592"
"2012","9","2012-09-01 00:00:00","php","10998","133259","8.253101103865","266810"
"2012","9","2012-09-01 00:00:00","python","5247","133259","3.937445125657","129912"
"2012","10","2012-10-01 00:00:00","c#","12717","151149","8.413552190222","356606"
"2012","10","2012-10-01 00:00:00","c++","5913","151149","3.912033820931","149700"
"2012","10","2012-10-01 00:00:00","java","13497","151149","8.929599269594","299859"
"2012","10","2012-10-01 00:00:00","javascript","12427","151149","8.221688532507","267019"
"2012","10","2012-10-01 00:00:00","php","11792","151149","7.801573281993","278602"
"2012","10","2012-10-01 00:00:00","python","6128","151149","4.054277567168","136040"
"2012","11","2012-11-01 00:00:00","c#","12230","149283","8.192493452034","368836"
"2012","11","2012-11-01 00:00:00","c++","6270","149283","4.200076365024","155970"
"2012","11","2012-11-01 00:00:00","java","13609","149283","9.116242304884","313468"
"2012","11","2012-11-01 00:00:00","javascript","12347","149283","8.270868082768","279366"
"2012","11","2012-11-01 00:00:00","php","11781","149283","7.89172243323","290383"
"2012","11","2012-11-01 00:00:00","python","6389","149283","4.279790733037","142429"
"2012","12","2012-12-01 00:00:00","c#","10952","136365","8.031386352803","379788"
"2012","12","2012-12-01 00:00:00","c++","5683","136365","4.167491658416","161653"
"2012","12","2012-12-01 00:00:00","java","12418","136365","9.10644226891","325886"
"2012","12","2012-12-01 00:00:00","javascript","11747","136365","8.614380522861","291113"
"2012","12","2012-12-01 00:00:00","php","11065","136365","8.114252190811","301448"
"2012","12","2012-12-01 00:00:00","python","5754","136365","4.219557804421","148183"
"2013","1","2013-01-01 00:00:00","c#","12757","158857","8.030492833177","392545"
"2013","1","2013-01-01 00:00:00","c++","6039","158857","3.801532195622","167692"
"2013","1","2013-01-01 00:00:00","java","13712","158857","8.631662438545","339598"
"2013","1","2013-01-01 00:00:00","javascript","13793","158857","8.682651693032","304906"
"2013","1","2013-01-01 00:00:00","php","12872","158857","8.102884984608","314320"
"2013","1","2013-01-01 00:00:00","python","6566","158857","4.13327709827","154749"
"2013","2","2013-02-01 00:00:00","c#","12485","154385","8.086925543284","405030"
"2013","2","2013-02-01 00:00:00","c++","6066","154385","3.929138193477","173758"
"2013","2","2013-02-01 00:00:00","java","13694","154385","8.870032710431","353292"
"2013","2","2013-02-01 00:00:00","javascript","13623","154385","8.824043786637","318529"
"2013","2","2013-02-01 00:00:00","php","12560","154385","8.135505392363","326880"
"2013","2","2013-02-01 00:00:00","python","6723","154385","4.354697671405","161472"
"2013","3","2013-03-01 00:00:00","c#","14231","175026","8.130791996617","419261"
"2013","3","2013-03-01 00:00:00","c++","7184","175026","4.104533040805","180942"
"2013","3","2013-03-01 00:00:00","java","15906","175026","9.087792670803","369198"
"2013","3","2013-03-01 00:00:00","javascript","15291","175026","8.736416303863","333820"
"2013","3","2013-03-01 00:00:00","php","14126","175026","8.070800909579","341006"
"2013","3","2013-03-01 00:00:00","python","7618","175026","4.352496200564","169090"
"2013","4","2013-04-01 00:00:00","c#","13880","172834","8.030827267782","433141"
"2013","4","2013-04-01 00:00:00","c++","7122","172834","4.120716988555","188064"
"2013","4","2013-04-01 00:00:00","java","16224","172834","9.387041901477","385422"
"2013","4","2013-04-01 00:00:00","javascript","15320","172834","8.863996667322","349140"
"2013","4","2013-04-01 00:00:00","php","13426","172834","7.768147470983","354432"
"2013","4","2013-04-01 00:00:00","python","7930","172834","4.588217596074","177020"
"2013","5","2013-05-01 00:00:00","c#","13457","167851","8.017229566699","446598"
"2013","5","2013-05-01 00:00:00","c++","6831","167851","4.069680847894","194895"
"2013","5","2013-05-01 00:00:00","java","15266","167851","9.094971135113","400688"
"2013","5","2013-05-01 00:00:00","javascript","15044","167851","8.962710975805","364184"
"2013","5","2013-05-01 00:00:00","php","13103","167851","7.806328231586","367535"
"2013","5","2013-05-01 00:00:00","python","7803","167851","4.648765869729","184823"
"2013","6","2013-06-01 00:00:00","c#","12783","159782","8.000275375198","459381"
"2013","6","2013-06-01 00:00:00","c++","6187","159782","3.872150805472","201082"
"2013","6","2013-06-01 00:00:00","java","13934","159782","8.72063186091","414622"
"2013","6","2013-06-01 00:00:00","javascript","14607","159782","9.141830744389","378791"
"2013","6","2013-06-01 00:00:00","php","12734","159782","7.969608591706","380269"
"2013","6","2013-06-01 00:00:00","python","7598","159782","4.755228999511","192421"
"2013","7","2013-07-01 00:00:00","c#","14176","178440","7.944407083613","473557"
"2013","7","2013-07-01 00:00:00","c++","6576","178440","3.685272360457","207658"
"2013","7","2013-07-01 00:00:00","java","15195","178440","8.515467383994","429817"
"2013","7","2013-07-01 00:00:00","javascript","16816","178440","9.423895987446","395607"
"2013","7","2013-07-01 00:00:00","php","14341","178440","8.036875140103","394610"
"2013","7","2013-07-01 00:00:00","python","8610","178440","4.825151311365","201031"
"2013","8","2013-08-01 00:00:00","c#","13852","171884","8.058923460007","487409"
"2013","8","2013-08-01 00:00:00","c++","6249","171884","3.635591445393","213907"
"2013","8","2013-08-01 00:00:00","java","15071","171884","8.768122687393","444888"
"2013","8","2013-08-01 00:00:00","javascript","16842","171884","9.798468734728","412449"
"2013","8","2013-08-01 00:00:00","php","14343","171884","8.344581229201","408953"
"2013","8","2013-08-01 00:00:00","python","7937","171884","4.617649112191","208968"
"2013","9","2013-09-01 00:00:00","c#","13758","167144","8.231225769396","501167"
"2013","9","2013-09-01 00:00:00","c++","6554","167144","3.921169769779","220461"
"2013","9","2013-09-01 00:00:00","java","16279","167144","9.739506054659","461167"
"2013","9","2013-09-01 00:00:00","javascript","17717","167144","10.599842052362","430166"
"2013","9","2013-09-01 00:00:00","php","14291","167144","8.550112477863","423244"
"2013","9","2013-09-01 00:00:00","python","7965","167144","4.76535203178","216933"
"2013","10","2013-10-01 00:00:00","c#","15206","186072","8.172105421557","516373"
"2013","10","2013-10-01 00:00:00","c++","7976","186072","4.286512747753","228437"
"2013","10","2013-10-01 00:00:00","java","18730","186072","10.065995958553","479897"
"2013","10","2013-10-01 00:00:00","javascript","19745","186072","10.611483726729","449911"
"2013","10","2013-10-01 00:00:00","php","15357","186072","8.253256803817","438601"
"2013","10","2013-10-01 00:00:00","python","9486","186072","5.098026570359","226419"
"2013","11","2013-11-01 00:00:00","c#","14591","178068","8.194060695913","530964"
"2013","11","2013-11-01 00:00:00","c++","8133","178068","4.567356290855","236570"
"2013","11","2013-11-01 00:00:00","java","18774","178068","10.543163285935","498671"
"2013","11","2013-11-01 00:00:00","javascript","18507","178068","10.393220567423","468418"
"2013","11","2013-11-01 00:00:00","php","14933","178068","8.386122155581","453534"
"2013","11","2013-11-01 00:00:00","python","9492","178068","5.330547880584","235911"
"2013","12","2013-12-01 00:00:00","c#","13635","166962","8.16652891077","544599"
"2013","12","2013-12-01 00:00:00","c++","7014","166962","4.200955906134","243584"
"2013","12","2013-12-01 00:00:00","java","17458","166962","10.456271486925","516129"
"2013","12","2013-12-01 00:00:00","javascript","18032","166962","10.800062289622","486450"
"2013","12","2013-12-01 00:00:00","php","14476","166962","8.670236341203","468010"
"2013","12","2013-12-01 00:00:00","python","8460","166962","5.067021238365","244371"
"2014","1","2014-01-01 00:00:00","c#","15339","190795","8.039518855315","559938"
"2014","1","2014-01-01 00:00:00","c++","7693","190795","4.032076312272","251277"
"2014","1","2014-01-01 00:00:00","java","18688","190795","9.794805943551","534817"
"2014","1","2014-01-01 00:00:00","javascript","21126","190795","11.072617206949","507576"
"2014","1","2014-01-01 00:00:00","php","16843","190795","8.827799470636","484853"
"2014","1","2014-01-01 00:00:00","python","9841","190795","5.157891978301","254212"
"2014","2","2014-02-01 00:00:00","c#","15121","189774","7.967898658404","575059"
"2014","2","2014-02-01 00:00:00","c++","7676","189774","4.044811196475","258953"
"2014","2","2014-02-01 00:00:00","java","19260","189774","10.148913971355","554077"
"2014","2","2014-02-01 00:00:00","javascript","21169","189774","11.154847344736","528745"
"2014","2","2014-02-01 00:00:00","php","16583","189774","8.738288701297","501436"
"2014","2","2014-02-01 00:00:00","python","9896","189774","5.214623710308","264108"
"2014","3","2014-03-01 00:00:00","c#","16169","209670","7.711642104259","591228"
"2014","3","2014-03-01 00:00:00","c++","8668","209670","4.134115514856","267621"
"2014","3","2014-03-01 00:00:00","java","21987","209670","10.486478752325","576064"
"2014","3","2014-03-01 00:00:00","javascript","22661","209670","10.807936280822","551406"
"2014","3","2014-03-01 00:00:00","php","18377","209670","8.764725521056","519813"
"2014","3","2014-03-01 00:00:00","python","11422","209670","5.447608146134","275530"
"2014","4","2014-04-01 00:00:00","c#","15333","196559","7.800711236829","606561"
"2014","4","2014-04-01 00:00:00","c++","8140","196559","4.14125020986","275761"
"2014","4","2014-04-01 00:00:00","java","20908","196559","10.637009752796","596972"
"2014","4","2014-04-01 00:00:00","javascript","21454","196559","10.914788943777","572860"
"2014","4","2014-04-01 00:00:00","php","17753","196559","9.031893731653","537566"
"2014","4","2014-04-01 00:00:00","python","10774","196559","5.481305867449","286304"
"2014","5","2014-05-01 00:00:00","c#","13911","178180","7.807273543607","620472"
"2014","5","2014-05-01 00:00:00","c++","6783","178180","3.806824559434","282544"
"2014","5","2014-05-01 00:00:00","java","17977","178180","10.089235604444","614949"
"2014","5","2014-05-01 00:00:00","javascript","19808","178180","11.116848131103","592668"
"2014","5","2014-05-01 00:00:00","php","14798","178180","8.305084745762","552364"
"2014","5","2014-05-01 00:00:00","python","9246","178180","5.189134583005","295550"
"2014","6","2014-06-01 00:00:00","c#","12507","164367","7.609191626056","632979"
"2014","6","2014-06-01 00:00:00","c++","5674","164367","3.452031125469","288218"
"2014","6","2014-06-01 00:00:00","java","15928","164367","9.69050965218","630877"
"2014","6","2014-06-01 00:00:00","javascript","18308","164367","11.13848886942","610976"
"2014","6","2014-06-01 00:00:00","php","13058","164367","7.944417066686","565422"
"2014","6","2014-06-01 00:00:00","python","8916","164367","5.424446512986","304466"
"2014","7","2014-07-01 00:00:00","c#","13696","179064","7.648661930929","646675"
"2014","7","2014-07-01 00:00:00","c++","6270","179064","3.501541348344","294488"
"2014","7","2014-07-01 00:00:00","java","17386","179064","9.709377652682","648263"
"2014","7","2014-07-01 00:00:00","javascript","20146","179064","11.250725997408","631122"
"2014","7","2014-07-01 00:00:00","php","14315","179064","7.994348389402","579737"
"2014","7","2014-07-01 00:00:00","python","9916","179064","5.537684850109","314382"
"2014","8","2014-08-01 00:00:00","c#","12492","165114","7.56568189251","659167"
"2014","8","2014-08-01 00:00:00","c++","5880","165114","3.561175914822","300368"
"2014","8","2014-08-01 00:00:00","java","15740","165114","9.532807635936","664003"
"2014","8","2014-08-01 00:00:00","javascript","18456","165114","11.177731748973","649578"
"2014","8","2014-08-01 00:00:00","php","13220","165114","8.006589386726","592957"
"2014","8","2014-08-01 00:00:00","python","9117","165114","5.521639594462","323499"
"2014","9","2014-09-01 00:00:00","c#","12321","167682","7.347836977135","671488"
"2014","9","2014-09-01 00:00:00","c++","6190","167682","3.69151131308","306558"
"2014","9","2014-09-01 00:00:00","java","16705","167682","9.962309609856","680708"
"2014","9","2014-09-01 00:00:00","javascript","18135","167682","10.81511432354","667713"
"2014","9","2014-09-01 00:00:00","php","13384","167682","7.981775026538","606341"
"2014","9","2014-09-01 00:00:00","python","8774","167682","5.232523467038","332273"
"2014","10","2014-10-01 00:00:00","c#","12554","174692","7.186362283332","684042"
"2014","10","2014-10-01 00:00:00","c++","6837","174692","3.913745334646","313395"
"2014","10","2014-10-01 00:00:00","java","17902","174692","10.247750326288","698610"
"2014","10","2014-10-01 00:00:00","javascript","18920","174692","10.83049023424","686633"
"2014","10","2014-10-01 00:00:00","php","13631","174692","7.802875918759","619972"
"2014","10","2014-10-01 00:00:00","python","9582","174692","5.485082316305","341855"
"2014","11","2014-11-01 00:00:00","c#","11873","168309","7.054287055356","695915"
"2014","11","2014-11-01 00:00:00","c++","6555","168309","3.894622390959","319950"
"2014","11","2014-11-01 00:00:00","java","17847","168309","10.603711031495","716457"
"2014","11","2014-11-01 00:00:00","javascript","17977","168309","10.680949919493","704610"
"2014","11","2014-11-01 00:00:00","php","13055","168309","7.756566790843","633027"
"2014","11","2014-11-01 00:00:00","python","9568","168309","5.684782156628","351423"
"2014","12","2014-12-01 00:00:00","c#","11082","156841","7.065754490216","706997"
"2014","12","2014-12-01 00:00:00","c++","6080","156841","3.876537384994","326030"
"2014","12","2014-12-01 00:00:00","java","16379","156841","10.443060169215","732836"
"2014","12","2014-12-01 00:00:00","javascript","16990","156841","10.832626672872","721600"
"2014","12","2014-12-01 00:00:00","php","12358","156841","7.879317270356","645385"
"2014","12","2014-12-01 00:00:00","python","9041","156841","5.764436595022","360464"
"2015","1","2015-01-01 00:00:00","c#","11744","167497","7.011468862128","718741"
"2015","1","2015-01-01 00:00:00","c++","6128","167497","3.658572989366","332158"
"2015","1","2015-01-01 00:00:00","java","16539","167497","9.874206702209","749375"
"2015","1","2015-01-01 00:00:00","javascript","18542","167497","11.070049015803","740142"
"2015","1","2015-01-01 00:00:00","php","13639","167497","8.142832408938","659024"
"2015","1","2015-01-01 00:00:00","python","9679","167497","5.778610960196","370143"
"2015","2","2015-02-01 00:00:00","c#","11788","169867","6.939546821925","730529"
"2015","2","2015-02-01 00:00:00","c++","6473","169867","3.810628315093","338631"
"2015","2","2015-02-01 00:00:00","java","16758","169867","9.865365256347","766133"
"2015","2","2015-02-01 00:00:00","javascript","18670","169867","10.9909517446","758812"
"2015","2","2015-02-01 00:00:00","php","13538","169867","7.969764580524","672562"
"2015","2","2015-02-01 00:00:00","python","10199","169867","6.004109097117","380342"
"2015","3","2015-03-01 00:00:00","c#","13274","191530","6.930506970187","743803"
"2015","3","2015-03-01 00:00:00","c++","7391","191530","3.8589254947","346022"
"2015","3","2015-03-01 00:00:00","java","19770","191530","10.322142745261","785903"
"2015","3","2015-03-01 00:00:00","javascript","20546","191530","10.727301206077","779358"
"2015","3","2015-03-01 00:00:00","php","14943","191530","7.801910927791","687505"
"2015","3","2015-03-01 00:00:00","python","11607","191530","6.06014723542","391949"
"2015","4","2015-04-01 00:00:00","c#","13093","191520","6.836361737677","756896"
"2015","4","2015-04-01 00:00:00","c++","7144","191520","3.730158730158","353166"
"2015","4","2015-04-01 00:00:00","java","19824","191520","10.350877192982","805727"
"2015","4","2015-04-01 00:00:00","javascript","20911","191520","10.918441938178","800269"
"2015","4","2015-04-01 00:00:00","php","14990","191520","7.8268588137","702495"
"2015","4","2015-04-01 00:00:00","python","11452","191520","5.979532163742","403401"
"2015","5","2015-05-01 00:00:00","c#","13362","187348","7.132181822063","770258"
"2015","5","2015-05-01 00:00:00","c++","6817","187348","3.638683092426","359983"
"2015","5","2015-05-01 00:00:00","java","18552","187348","9.902427567948","824279"
"2015","5","2015-05-01 00:00:00","javascript","22161","187348","11.828789205115","822430"
"2015","5","2015-05-01 00:00:00","php","14608","187348","7.797254307491","717103"
"2015","5","2015-05-01 00:00:00","python","11221","187348","5.989388731131","414622"
"2015","6","2015-06-01 00:00:00","c#","13536","189479","7.143799576734","783794"
"2015","6","2015-06-01 00:00:00","c++","6518","189479","3.439959045593","366501"
"2015","6","2015-06-01 00:00:00","java","17857","189479","9.424263374833","842136"
"2015","6","2015-06-01 00:00:00","javascript","22623","189479","11.939581695069","845053"
"2015","6","2015-06-01 00:00:00","php","14393","189479","7.596092442962","731496"
"2015","6","2015-06-01 00:00:00","python","11813","189479","6.234463977538","426435"
"2015","7","2015-07-01 00:00:00","c#","14125","197001","7.170014365409","797919"
"2015","7","2015-07-01 00:00:00","c++","6700","197001","3.400997964477","373201"
"2015","7","2015-07-01 00:00:00","java","18703","197001","9.493860437256","860839"
"2015","7","2015-07-01 00:00:00","javascript","23981","197001","12.173034654646","869034"
"2015","7","2015-07-01 00:00:00","php","15399","197001","7.816711590296","746895"
"2015","7","2015-07-01 00:00:00","python","12324","197001","6.255805808092","438759"
"2015","8","2015-08-01 00:00:00","c#","13228","182821","7.235492640342","811147"
"2015","8","2015-08-01 00:00:00","c++","5872","182821","3.211884849114","379073"
"2015","8","2015-08-01 00:00:00","java","17100","182821","9.353411260194","877939"
"2015","8","2015-08-01 00:00:00","javascript","22170","182821","12.126615651374","891204"
"2015","8","2015-08-01 00:00:00","php","14272","182821","7.806543012017","761167"
"2015","8","2015-08-01 00:00:00","python","11226","182821","6.14043244485","449985"
"2015","9","2015-09-01 00:00:00","c#","12921","179219","7.209615051975","824068"
"2015","9","2015-09-01 00:00:00","c++","5912","179219","3.298757386214","384985"
"2015","9","2015-09-01 00:00:00","java","16951","179219","9.458260563891","894890"
"2015","9","2015-09-01 00:00:00","javascript","21405","179219","11.943488134628","912609"
"2015","9","2015-09-01 00:00:00","php","13529","179219","7.548864796701","774696"
"2015","9","2015-09-01 00:00:00","python","10968","179219","6.119886842354","460953"
"2015","10","2015-10-01 00:00:00","c#","12799","187966","6.809210176308","836867"
"2015","10","2015-10-01 00:00:00","c++","7049","187966","3.750146303054","392034"
"2015","10","2015-10-01 00:00:00","java","18551","187966","9.869338071778","913441"
"2015","10","2015-10-01 00:00:00","javascript","21834","187966","11.615930540629","934443"
"2015","10","2015-10-01 00:00:00","php","13939","187966","7.415702839875","788635"
"2015","10","2015-10-01 00:00:00","python","12488","187966","6.643754721598","473441"
"2015","11","2015-11-01 00:00:00","c#","12387","179655","6.894881856892","849254"
"2015","11","2015-11-01 00:00:00","c++","7086","179655","3.944226433998","399120"
"2015","11","2015-11-01 00:00:00","java","17790","179655","9.902312766135","931231"
"2015","11","2015-11-01 00:00:00","javascript","21281","179655","11.845481617544","955724"
"2015","11","2015-11-01 00:00:00","php","13346","179655","7.428682753054","801981"
"2015","11","2015-11-01 00:00:00","python","12297","179655","6.844785839525","485738"
"2015","12","2015-12-01 00:00:00","c#","12149","173907","6.985917760642","861403"
"2015","12","2015-12-01 00:00:00","c++","6561","173907","3.772706101537","405681"
"2015","12","2015-12-01 00:00:00","java","16561","173907","9.52290592098","947792"
"2015","12","2015-12-01 00:00:00","javascript","21090","173907","12.127171419206","976814"
"2015","12","2015-12-01 00:00:00","php","13777","173907","7.922050291247","815758"
"2015","12","2015-12-01 00:00:00","python","11660","173907","6.704732989471","497398"
"2016","1","2016-01-01 00:00:00","c#","12366","182634","6.770918886954","873769"
"2016","1","2016-01-01 00:00:00","c++","6098","182634","3.338918273705","411779"
"2016","1","2016-01-01 00:00:00","java","16640","182634","9.111118411686","964432"
"2016","1","2016-01-01 00:00:00","javascript","22525","182634","12.333409989377","999339"
"2016","1","2016-01-01 00:00:00","php","14606","182634","7.997415596219","830364"
"2016","1","2016-01-01 00:00:00","python","12352","182634","6.763253282521","509750"
"2016","2","2016-02-01 00:00:00","c#","12742","189960","6.707727942724","886511"
"2016","2","2016-02-01 00:00:00","c++","6558","189960","3.452305748578","418337"
"2016","2","2016-02-01 00:00:00","java","17853","189960","9.398294377763","982285"
"2016","2","2016-02-01 00:00:00","javascript","22480","189960","11.834070330595","1021819"
"2016","2","2016-02-01 00:00:00","php","14938","189960","7.863760791745","845302"
"2016","2","2016-02-01 00:00:00","python","13252","189960","6.97620551695","523002"
"2016","3","2016-03-01 00:00:00","c#","13609","203333","6.69296179174","900120"
"2016","3","2016-03-01 00:00:00","c++","7023","203333","3.453940088426","425360"
"2016","3","2016-03-01 00:00:00","java","19907","203333","9.790343918596","1002192"
"2016","3","2016-03-01 00:00:00","javascript","24101","203333","11.85297025077","1045920"
"2016","3","2016-03-01 00:00:00","php","15152","203333","7.451815494779","860454"
"2016","3","2016-03-01 00:00:00","python","14061","203333","6.915257238126","537063"
"2016","4","2016-04-01 00:00:00","c#","13718","198398","6.914384217582","913838"
"2016","4","2016-04-01 00:00:00","c++","6893","198398","3.47432937832","432253"
"2016","4","2016-04-01 00:00:00","java","19485","198398","9.821167552092","1021677"
"2016","4","2016-04-01 00:00:00","javascript","23464","198398","11.826732124315","1069384"
"2016","4","2016-04-01 00:00:00","php","14490","198398","7.303501043357","874944"
"2016","4","2016-04-01 00:00:00","python","13664","198398","6.887166201272","550727"
"2016","5","2016-05-01 00:00:00","c#","13493","191044","7.062770880006","927331"
"2016","5","2016-05-01 00:00:00","c++","6136","191044","3.211825548041","438389"
"2016","5","2016-05-01 00:00:00","java","17039","191044","8.918887795481","1038716"
"2016","5","2016-05-01 00:00:00","javascript","23006","191044","12.042252046648","1092390"
"2016","5","2016-05-01 00:00:00","php","14464","191044","7.571030757312","889408"
"2016","5","2016-05-01 00:00:00","python","13106","191044","6.860199744561","563833"
"2016","6","2016-06-01 00:00:00","c#","13065","185810","7.031376136914","940396"
"2016","6","2016-06-01 00:00:00","c++","5717","185810","3.076798880576","444106"
"2016","6","2016-06-01 00:00:00","java","15918","185810","8.566815564286","1054634"
"2016","6","2016-06-01 00:00:00","javascript","22147","185810","11.919164738173","1114537"
"2016","6","2016-06-01 00:00:00","php","13642","185810","7.341908401054","903050"
"2016","6","2016-06-01 00:00:00","python","12908","185810","6.946881222754","576741"
"2016","7","2016-07-01 00:00:00","c#","12004","178183","6.736894092028","952400"
"2016","7","2016-07-01 00:00:00","c++","5470","178183","3.06987759775","449576"
"2016","7","2016-07-01 00:00:00","java","14949","178183","8.389689252061","1069583"
"2016","7","2016-07-01 00:00:00","javascript","22208","178183","12.463590802714","1136745"
"2016","7","2016-07-01 00:00:00","php","12938","178183","7.261074288792","915988"
"2016","7","2016-07-01 00:00:00","python","12827","178183","7.19877878361","589568"
"2016","8","2016-08-01 00:00:00","c#","12721","183108","6.947266094326","965121"
"2016","8","2016-08-01 00:00:00","c++","5015","183108","2.738820805207","454591"
"2016","8","2016-08-01 00:00:00","java","15180","183108","8.290189396421","1084763"
"2016","8","2016-08-01 00:00:00","javascript","22670","183108","12.380671516263","1159415"
"2016","8","2016-08-01 00:00:00","php","12888","183108","7.038469100203","928876"
"2016","8","2016-08-01 00:00:00","python","12917","183108","7.05430674793","602485"
"2016","9","2016-09-01 00:00:00","c#","11108","172884","6.425117419772","976229"
"2016","9","2016-09-01 00:00:00","c++","5143","172884","2.974827051664","459734"
"2016","9","2016-09-01 00:00:00","java","14680","172884","8.491242682955","1099443"
"2016","9","2016-09-01 00:00:00","javascript","20457","172884","11.832789616158","1179872"
"2016","9","2016-09-01 00:00:00","php","12151","172884","7.028412114481","941027"
"2016","9","2016-09-01 00:00:00","python","12337","172884","7.135998704333","614822"
"2016","10","2016-10-01 00:00:00","c#","11455","176583","6.487034425737","987684"
"2016","10","2016-10-01 00:00:00","c++","5973","176583","3.382545318632","465707"
"2016","10","2016-10-01 00:00:00","java","15332","176583","8.68260251553","1114775"
"2016","10","2016-10-01 00:00:00","javascript","20448","176583","11.579823652333","1200320"
"2016","10","2016-10-01 00:00:00","php","12277","176583","6.952537900024","953304"
"2016","10","2016-10-01 00:00:00","python","13500","176583","7.645130052156","628322"
"2016","11","2016-11-01 00:00:00","c#","11654","176506","6.602608409912","999338"
"2016","11","2016-11-01 00:00:00","c++","6085","176506","3.447474873375","471792"
"2016","11","2016-11-01 00:00:00","java","15648","176506","8.865421005518","1130423"
"2016","11","2016-11-01 00:00:00","javascript","20514","176506","11.622267798261","1220834"
"2016","11","2016-11-01 00:00:00","php","11951","176506","6.770874644488","965255"
"2016","11","2016-11-01 00:00:00","python","14182","176506","8.034854339229","642504"
"2016","12","2016-12-01 00:00:00","c#","10687","163505","6.536191553775","1010025"
"2016","12","2016-12-01 00:00:00","c++","5231","163505","3.199290541573","477023"
"2016","12","2016-12-01 00:00:00","java","13848","163505","8.469465765572","1144271"
"2016","12","2016-12-01 00:00:00","javascript","19806","163505","12.113391027797","1240640"
"2016","12","2016-12-01 00:00:00","php","11481","163505","7.021803614568","976736"
"2016","12","2016-12-01 00:00:00","python","13052","163505","7.982630500596","655556"
"2017","1","2017-01-01 00:00:00","c#","11694","178155","6.563947124694","1021719"
"2017","1","2017-01-01 00:00:00","c++","5650","178155","3.17139569476","482673"
"2017","1","2017-01-01 00:00:00","java","14575","178155","8.181078274536","1158846"
"2017","1","2017-01-01 00:00:00","javascript","21403","178155","12.013695938929","1262043"
"2017","1","2017-01-01 00:00:00","php","12627","178155","7.087648396059","989363"
"2017","1","2017-01-01 00:00:00","python","14274","178155","8.012124273806","669830"
"2017","2","2017-02-01 00:00:00","c#","11489","176482","6.510012352534","1033208"
"2017","2","2017-02-01 00:00:00","c++","5169","176482","2.928910597114","487842"
"2017","2","2017-02-01 00:00:00","java","14566","176482","8.253532938203","1173412"
"2017","2","2017-02-01 00:00:00","javascript","21182","176482","12.002357180902","1283225"
"2017","2","2017-02-01 00:00:00","php","12503","176482","7.08457519747","1001866"
"2017","2","2017-02-01 00:00:00","python","14777","176482","8.373091873392","684607"
"2017","3","2017-03-01 00:00:00","c#","12988","203023","6.397304738871","1046196"
"2017","3","2017-03-01 00:00:00","c++","6224","203023","3.065662511144","494066"
"2017","3","2017-03-01 00:00:00","java","17310","203023","8.526127581604","1190722"
"2017","3","2017-03-01 00:00:00","javascript","23713","203023","11.679957443245","1306938"
"2017","3","2017-03-01 00:00:00","php","14066","203023","6.928279061978","1015932"
"2017","3","2017-03-01 00:00:00","python","17125","203023","8.435004900922","701732"
"2017","4","2017-04-01 00:00:00","c#","11090","180015","6.160597727967","1057286"
"2017","4","2017-04-01 00:00:00","c++","5877","180015","3.264727939338","499943"
"2017","4","2017-04-01 00:00:00","java","15936","180015","8.852595617031","1206658"
"2017","4","2017-04-01 00:00:00","javascript","21236","180015","11.796794711551","1328174"
"2017","4","2017-04-01 00:00:00","php","12416","180015","6.89720301086","1028348"
"2017","4","2017-04-01 00:00:00","python","15646","180015","8.691497930727","717378"
"2017","5","2017-05-01 00:00:00","c#","11981","187925","6.375415724358","1069267"
"2017","5","2017-05-01 00:00:00","c++","5301","187925","2.820806172675","505244"
"2017","5","2017-05-01 00:00:00","java","16339","187925","8.694425967806","1222997"
"2017","5","2017-05-01 00:00:00","javascript","22389","187925","11.913795397099","1350563"
"2017","5","2017-05-01 00:00:00","php","13044","187925","6.941066914992","1041392"
"2017","5","2017-05-01 00:00:00","python","16179","187925","8.609285619263","733557"
"2017","6","2017-06-01 00:00:00","c#","11302","179602","6.292802975467","1080569"
"2017","6","2017-06-01 00:00:00","c++","4689","179602","2.610772708544","509933"
"2017","6","2017-06-01 00:00:00","java","14623","179602","8.141891515684","1237620"
"2017","6","2017-06-01 00:00:00","javascript","21578","179602","12.01434282469","1372141"
"2017","6","2017-06-01 00:00:00","php","11758","179602","6.546697698243","1053150"
"2017","6","2017-06-01 00:00:00","python","16025","179602","8.922506430886","749582"
"2017","7","2017-07-01 00:00:00","c#","11204","181147","6.185032045797","1091773"
"2017","7","2017-07-01 00:00:00","c++","5024","181147","2.773438146919","514957"
"2017","7","2017-07-01 00:00:00","java","14145","181147","7.808575355926","1251765"
"2017","7","2017-07-01 00:00:00","javascript","21609","181147","11.928985851269","1393750"
"2017","7","2017-07-01 00:00:00","php","11780","181147","6.50300584608","1064930"
"2017","7","2017-07-01 00:00:00","python","16911","181147","9.335512042705","766493"
"2017","8","2017-08-01 00:00:00","c#","10952","178930","6.120829374615","1102725"
"2017","8","2017-08-01 00:00:00","c++","4789","178930","2.67646565696","519746"
"2017","8","2017-08-01 00:00:00","java","13754","178930","7.686804895769","1265519"
"2017","8","2017-08-01 00:00:00","javascript","21346","178930","11.929804951657","1415096"
"2017","8","2017-08-01 00:00:00","php","11648","178930","6.509808304923","1076578"
"2017","8","2017-08-01 00:00:00","python","16456","178930","9.196892639579","782949"
"2017","9","2017-09-01 00:00:00","c#","9873","163596","6.034988630528","1112598"
"2017","9","2017-09-01 00:00:00","c++","4470","163596","2.732340644025","524216"
"2017","9","2017-09-01 00:00:00","java","12755","163596","7.796645394752","1278274"
"2017","9","2017-09-01 00:00:00","javascript","18996","163596","11.611530844274","1434092"
"2017","9","2017-09-01 00:00:00","php","10691","163596","6.535000855766","1087269"
"2017","9","2017-09-01 00:00:00","python","15449","163596","9.443384923836","798398"
"2017","10","2017-10-01 00:00:00","c#","10233","171507","5.966520316954","1122831"
"2017","10","2017-10-01 00:00:00","c++","5218","171507","3.042441416385","529434"
"2017","10","2017-10-01 00:00:00","java","14011","171507","8.169345857603","1292285"
"2017","10","2017-10-01 00:00:00","javascript","19861","171507","11.580285352784","1453953"
"2017","10","2017-10-01 00:00:00","php","10828","171507","6.313444932276","1098097"
"2017","10","2017-10-01 00:00:00","python","16935","171507","9.874232538613","815333"
"2017","11","2017-11-01 00:00:00","c#","9794","170495","5.74444998387","1132625"
"2017","11","2017-11-01 00:00:00","c++","5036","170495","2.953752309451","534470"
"2017","11","2017-11-01 00:00:00","java","14177","170495","8.315199859233","1306462"
"2017","11","2017-11-01 00:00:00","javascript","19403","170495","11.380392386873","1473356"
"2017","11","2017-11-01 00:00:00","php","10603","170495","6.218950702366","1108700"
"2017","11","2017-11-01 00:00:00","python","16984","170495","9.961582451098","832317"
"2017","12","2017-12-01 00:00:00","c#","8613","146506","5.878940111667","1141238"
"2017","12","2017-12-01 00:00:00","c++","4459","146506","3.043561355848","538929"
"2017","12","2017-12-01 00:00:00","java","11978","146506","8.175774371015","1318440"
"2017","12","2017-12-01 00:00:00","javascript","16971","146506","11.583825918392","1490327"
"2017","12","2017-12-01 00:00:00","php","9134","146506","6.234556946473","1117834"
"2017","12","2017-12-01 00:00:00","python","14940","146506","10.197534571962","847257"
"2018","1","2018-01-01 00:00:00","c#","9377","161778","5.796214565639","1150615"
"2018","1","2018-01-01 00:00:00","c++","4758","161778","2.941067388643","543687"
"2018","1","2018-01-01 00:00:00","java","12348","161778","7.632681823239","1330788"
"2018","1","2018-01-01 00:00:00","javascript","18908","161778","11.687621308212","1509235"
"2018","1","2018-01-01 00:00:00","php","10121","161778","6.256104043813","1127955"
"2018","1","2018-01-01 00:00:00","python","16245","161778","10.04153840448","863502"
"2018","2","2018-02-01 00:00:00","c#","8582","154375","5.5591902834","1159197"
"2018","2","2018-02-01 00:00:00","c++","4570","154375","2.960323886639","548257"
"2018","2","2018-02-01 00:00:00","java","12031","154375","7.793360323886","1342819"
"2018","2","2018-02-01 00:00:00","javascript","17215","154375","11.151417004048","1526450"
"2018","2","2018-02-01 00:00:00","php","9125","154375","5.910931174089","1137080"
"2018","2","2018-02-01 00:00:00","python","16315","154375","10.568421052631","879817"
"2018","3","2018-03-01 00:00:00","c#","9790","174513","5.609897256937","1168987"
"2018","3","2018-03-01 00:00:00","c++","5185","174513","2.971125360288","553442"
"2018","3","2018-03-01 00:00:00","java","13565","174513","7.773059886656","1356384"
"2018","3","2018-03-01 00:00:00","javascript","19155","174513","10.976259648278","1545605"
"2018","3","2018-03-01 00:00:00","php","9828","174513","5.631672139038","1146908"
"2018","3","2018-03-01 00:00:00","python","17905","174513","10.259980631815","897722"
"2018","4","2018-04-01 00:00:00","c#","9239","163819","5.639760955688","1178226"
"2018","4","2018-04-01 00:00:00","c++","4663","163819","2.846434174302","558105"
"2018","4","2018-04-01 00:00:00","java","13490","163819","8.234698050897","1369874"
"2018","4","2018-04-01 00:00:00","javascript","17957","163819","10.961487983689","1563562"
"2018","4","2018-04-01 00:00:00","php","8928","163819","5.449917286761","1155836"
"2018","4","2018-04-01 00:00:00","python","16977","163819","10.363266776137","914699"
"2018","5","2018-05-01 00:00:00","c#","9928","169005","5.874382414721","1188154"
"2018","5","2018-05-01 00:00:00","c++","4686","169005","2.772699032573","562791"
"2018","5","2018-05-01 00:00:00","java","13477","169005","7.974320286382","1383351"
"2018","5","2018-05-01 00:00:00","javascript","18069","169005","10.691399662731","1581631"
"2018","5","2018-05-01 00:00:00","php","9472","169005","5.604567912191","1165308"
"2018","5","2018-05-01 00:00:00","python","17570","169005","10.396142125972","932269"
"2018","6","2018-06-01 00:00:00","c#","8788","155791","5.640890680462","1196942"
"2018","6","2018-06-01 00:00:00","c++","4098","155791","2.630447201699","566889"
"2018","6","2018-06-01 00:00:00","java","11792","155791","7.569115032318","1395143"
"2018","6","2018-06-01 00:00:00","javascript","17185","155791","11.030804090095","1598816"
"2018","6","2018-06-01 00:00:00","php","8433","155791","5.413021291345","1173741"
"2018","6","2018-06-01 00:00:00","python","16805","155791","10.786887560898","949074"
"2018","7","2018-07-01 00:00:00","c#","9407","160957","5.844418074392","1206349"
"2018","7","2018-07-01 00:00:00","c++","3914","160957","2.431705362301","570803"
"2018","7","2018-07-01 00:00:00","java","11758","160957","7.305056630031","1406901"
"2018","7","2018-07-01 00:00:00","javascript","17799","160957","11.058232944202","1616615"
"2018","7","2018-07-01 00:00:00","php","8557","160957","5.316326720801","1182298"
"2018","7","2018-07-01 00:00:00","python","17929","160957","11.138999857104","967003"
"2018","8","2018-08-01 00:00:00","c#","9483","159441","5.947654618322","1215832"
"2018","8","2018-08-01 00:00:00","c++","3903","159441","2.447927446516","574706"
"2018","8","2018-08-01 00:00:00","java","11307","159441","7.091651457278","1418208"
"2018","8","2018-08-01 00:00:00","javascript","17856","159441","11.19912694978","1634471"
"2018","8","2018-08-01 00:00:00","php","8481","159441","5.319208986396","1190779"
"2018","8","2018-08-01 00:00:00","python","17722","159441","11.115083322357","984725"
"2018","9","2018-09-01 00:00:00","c#","8357","145402","5.747513789356","1224189"
"2018","9","2018-09-01 00:00:00","c++","3739","145402","2.571491451286","578445"
"2018","9","2018-09-01 00:00:00","java","10720","145402","7.372663374644","1428928"
"2018","9","2018-09-01 00:00:00","javascript","16008","145402","11.009477173628","1650479"
"2018","9","2018-09-01 00:00:00","php","7664","145402","5.270904114111","1198443"
"2018","9","2018-09-01 00:00:00","python","15988","145402","10.995722204646","1000713"
"2018","10","2018-10-01 00:00:00","c#","9331","161431","5.780178528287","1233520"
"2018","10","2018-10-01 00:00:00","c++","4312","161431","2.671110257633","582757"
"2018","10","2018-10-01 00:00:00","java","12499","161431","7.742626880834","1441427"
"2018","10","2018-10-01 00:00:00","javascript","17406","161431","10.782315664277","1667885"
"2018","10","2018-10-01 00:00:00","php","8159","161431","5.054171751398","1206602"
"2018","10","2018-10-01 00:00:00","python","18137","161431","11.235140710272","1018850"
"2018","11","2018-11-01 00:00:00","c#","8474","150669","5.624249181981","1241994"
"2018","11","2018-11-01 00:00:00","c++","4344","150669","2.883141190291","587101"
"2018","11","2018-11-01 00:00:00","java","11707","150669","7.770012411312","1453134"
"2018","11","2018-11-01 00:00:00","javascript","16169","150669","10.731470972794","1684054"
"2018","11","2018-11-01 00:00:00","php","7083","150669","4.701033391075","1213685"
"2018","11","2018-11-01 00:00:00","python","18002","150669","11.948045052399","1036852"
"2018","12","2018-12-01 00:00:00","c#","7543","133050","5.66929725667","1249537"
"2018","12","2018-12-01 00:00:00","c++","3558","133050","2.674182638105","590659"
"2018","12","2018-12-01 00:00:00","java","10442","133050","7.848177376925","1463576"
"2018","12","2018-12-01 00:00:00","javascript","14272","133050","10.726794438181","1698326"
"2018","12","2018-12-01 00:00:00","php","6206","133050","4.664411875234","1219891"
"2018","12","2018-12-01 00:00:00","python","15722","133050","11.81661029688","1052574"
"2019","1","2019-01-01 00:00:00","c#","8748","150463","5.814053953463","1258285"
"2019","1","2019-01-01 00:00:00","c++","3904","150463","2.594657822853","594563"
"2019","1","2019-01-01 00:00:00","java","11023","150463","7.326053581279","1474599"
"2019","1","2019-01-01 00:00:00","javascript","16011","150463","10.641154303715","1714337"
"2019","1","2019-01-01 00:00:00","php","7173","150463","4.76728498036","1227064"
"2019","1","2019-01-01 00:00:00","python","16935","150463","11.255258767936","1069509"
"2019","2","2019-02-01 00:00:00","c#","8353","147308","5.670432019985","1266638"
"2019","2","2019-02-01 00:00:00","c++","3735","147308","2.535503842289","598298"
"2019","2","2019-02-01 00:00:00","java","10991","147308","7.461237678876","1485590"
"2019","2","2019-02-01 00:00:00","javascript","15687","147308","10.649116137616","1730024"
"2019","2","2019-02-01 00:00:00","php","7282","147308","4.943383930268","1234346"
"2019","2","2019-02-01 00:00:00","python","17514","147308","11.889374643603","1087023"
"2019","3","2019-03-01 00:00:00","c#","8957","162138","5.524306454995","1275595"
"2019","3","2019-03-01 00:00:00","c++","4424","162138","2.728539885776","602722"
"2019","3","2019-03-01 00:00:00","java","12045","162138","7.428856899678","1497635"
"2019","3","2019-03-01 00:00:00","javascript","17319","162138","10.681641564593","1747343"
"2019","3","2019-03-01 00:00:00","php","7784","162138","4.800848659783","1242130"
"2019","3","2019-03-01 00:00:00","python","19891","162138","12.26794459041","1106914"
"2019","4","2019-04-01 00:00:00","c#","9122","154495","5.904398200589","1284717"
"2019","4","2019-04-01 00:00:00","c++","4376","154495","2.832454124728","607098"
"2019","4","2019-04-01 00:00:00","java","11167","154495","7.228065633192","1508802"
"2019","4","2019-04-01 00:00:00","javascript","16168","154495","10.465063594291","1763511"
"2019","4","2019-04-01 00:00:00","php","7160","154495","4.634454189455","1249290"
"2019","4","2019-04-01 00:00:00","python","19813","154495","12.824363248001","1126727"
"2019","5","2019-05-01 00:00:00","c#","9022","152350","5.921890383984","1293739"
"2019","5","2019-05-01 00:00:00","c++","4122","152350","2.705612077453","611220"
"2019","5","2019-05-01 00:00:00","java","11098","152350","7.284542172628","1519900"
"2019","5","2019-05-01 00:00:00","javascript","16136","152350","10.591401378404","1779647"
"2019","5","2019-05-01 00:00:00","php","6948","152350","4.560551361995","1256238"
"2019","5","2019-05-01 00:00:00","python","18896","152350","12.403019363308","1145623"
"2019","6","2019-06-01 00:00:00","c#","7605","136796","5.559373081084","1301344"
"2019","6","2019-06-01 00:00:00","c++","3642","136796","2.662358548495","614862"
"2019","6","2019-06-01 00:00:00","java","9636","136796","7.044065615953","1529536"
"2019","6","2019-06-01 00:00:00","javascript","14806","136796","10.823415889353","1794453"
"2019","6","2019-06-01 00:00:00","php","6006","136796","4.390479253779","1262244"
"2019","6","2019-06-01 00:00:00","python","17227","136796","12.593204479663","1162850"
"2019","7","2019-07-01 00:00:00","c#","8443","152036","5.55329001026","1309787"
"2019","7","2019-07-01 00:00:00","c++","4262","152036","2.803283432871","619124"
"2019","7","2019-07-01 00:00:00","java","10828","152036","7.121997421663","1540364"
"2019","7","2019-07-01 00:00:00","javascript","16147","152036","10.620510931621","1810600"
"2019","7","2019-07-01 00:00:00","php","6662","152036","4.381856928622","1268906"
"2019","7","2019-07-01 00:00:00","python","19748","152036","12.989028914204","1182598"
"2019","8","2019-08-01 00:00:00","c#","7708","138082","5.582190292724","1317495"
"2019","8","2019-08-01 00:00:00","c++","3291","138082","2.383366405469","622415"
"2019","8","2019-08-01 00:00:00","java","9083","138082","6.577975405918","1549447"
"2019","8","2019-08-01 00:00:00","javascript","15217","138082","11.020263321794","1825817"
"2019","8","2019-08-01 00:00:00","php","5810","138082","4.207644732839","1274716"
"2019","8","2019-08-01 00:00:00","python","18034","138082","13.060355440969","1200632"
"2019","9","2019-09-01 00:00:00","c#","7839","137849","5.686657139333","1325334"
"2019","9","2019-09-01 00:00:00","c++","3779","137849","2.741405450891","626194"
"2019","9","2019-09-01 00:00:00","java","9680","137849","7.022176439437","1559127"
"2019","9","2019-09-01 00:00:00","javascript","14881","137849","10.795145412734","1840698"
"2019","9","2019-09-01 00:00:00","php","5569","137849","4.039927747027","1280285"
"2019","9","2019-09-01 00:00:00","python","16872","137849","12.239479430391","1217504"
"2019","10","2019-10-01 00:00:00","c#","8410","153800","5.468140442132","1333744"
"2019","10","2019-10-01 00:00:00","c++","4840","153800","3.146944083224","631034"
"2019","10","2019-10-01 00:00:00","java","11213","153800","7.290637191157","1570340"
"2019","10","2019-10-01 00:00:00","javascript","15976","153800","10.387516254876","1856674"
"2019","10","2019-10-01 00:00:00","php","6067","153800","3.944733420026","1286352"
"2019","10","2019-10-01 00:00:00","python","20446","153800","13.293888166449","1237950"
"2019","11","2019-11-01 00:00:00","c#","8019","149462","5.365243339444","1341763"
"2019","11","2019-11-01 00:00:00","c++","4730","149462","3.164683999946","635764"
"2019","11","2019-11-01 00:00:00","java","10328","149462","6.91011762187","1580668"
"2019","11","2019-11-01 00:00:00","javascript","15747","149462","10.535788360921","1872421"
"2019","11","2019-11-01 00:00:00","php","6084","149462","4.07059988492","1292436"
"2019","11","2019-11-01 00:00:00","python","20606","149462","13.786781924502","1258556"
"2019","12","2019-12-01 00:00:00","c#","7208","133666","5.392545598731","1348971"
"2019","12","2019-12-01 00:00:00","c++","4204","133666","3.145152843655","639968"
"2019","12","2019-12-01 00:00:00","java","9039","133666","6.762377867221","1589707"
"2019","12","2019-12-01 00:00:00","javascript","14313","133666","10.708033456525","1886734"
"2019","12","2019-12-01 00:00:00","php","5231","133666","3.913485852797","1297667"
"2019","12","2019-12-01 00:00:00","python","18111","133666","13.549444136878","1276667"
"2020","1","2020-01-01 00:00:00","c#","7811","147965","5.278951103301","1356782"
"2020","1","2020-01-01 00:00:00","c++","4238","147965","2.864190855945","644206"
"2020","1","2020-01-01 00:00:00","java","9968","147965","6.736728280336","1599675"
"2020","1","2020-01-01 00:00:00","javascript","16026","147965","10.830939749265","1902760"
"2020","1","2020-01-01 00:00:00","php","5902","147965","3.988781130672","1303569"
"2020","1","2020-01-01 00:00:00","python","19984","147965","13.505896664751","1296651"
"2020","2","2020-02-01 00:00:00","c#","7719","146461","5.27034500652","1364501"
"2020","2","2020-02-01 00:00:00","c++","4095","146461","2.79596616164","648301"
"2020","2","2020-02-01 00:00:00","java","10049","146461","6.861212199834","1609724"
"2020","2","2020-02-01 00:00:00","javascript","15744","146461","10.749619352592","1918504"
"2020","2","2020-02-01 00:00:00","php","5686","146461","3.882262172182","1309255"
"2020","2","2020-02-01 00:00:00","python","20050","146461","13.689651169936","1316701"
"2020","3","2020-03-01 00:00:00","c#","7786","157445","4.945218965352","1372287"
"2020","3","2020-03-01 00:00:00","c++","4646","157445","2.950871732986","652947"
"2020","3","2020-03-01 00:00:00","java","11061","157445","7.025310425862","1620785"
"2020","3","2020-03-01 00:00:00","javascript","17580","157445","11.165803931531","1936084"
"2020","3","2020-03-01 00:00:00","php","5681","157445","3.60824414875","1314936"
"2020","3","2020-03-01 00:00:00","python","22714","157445","14.426625170694","1339415"
"2020","4","2020-04-01 00:00:00","c#","8582","184689","4.646730449566","1380869"
"2020","4","2020-04-01 00:00:00","c++","6230","184689","3.373238254579","659177"
"2020","4","2020-04-01 00:00:00","java","12634","184689","6.840688941951","1633419"
"2020","4","2020-04-01 00:00:00","javascript","20920","184689","11.327149965617","1957004"
"2020","4","2020-04-01 00:00:00","php","6657","184689","3.604437730454","1321593"
"2020","4","2020-04-01 00:00:00","python","27652","184689","14.97219650331","1367067"
"2020","5","2020-05-01 00:00:00","c#","8605","188302","4.569786831791","1389474"
"2020","5","2020-05-01 00:00:00","c++","6424","188302","3.411541035145","665601"
"2020","5","2020-05-01 00:00:00","java","12037","188302","6.392390946458","1645456"
"2020","5","2020-05-01 00:00:00","javascript","21494","188302","11.414642436086","1978498"
"2020","5","2020-05-01 00:00:00","php","6542","188302","3.474206328132","1328135"
"2020","5","2020-05-01 00:00:00","python","29488","188302","15.659950505039","1396555"
"2020","6","2020-06-01 00:00:00","c#","7905","173528","4.555460790189","1397379"
"2020","6","2020-06-01 00:00:00","c++","5634","173528","3.246738278548","671235"
"2020","6","2020-06-01 00:00:00","java","10835","173528","6.243949103314","1656291"
"2020","6","2020-06-01 00:00:00","javascript","19850","173528","11.439076114517","1998348"
"2020","6","2020-06-01 00:00:00","php","5939","173528","3.422502420358","1334074"
"2020","6","2020-06-01 00:00:00","python","27140","173528","15.640127241713","1423695"
"2020","7","2020-07-01 00:00:00","c#","7824","167544","4.669818077639","1405203"
"2020","7","2020-07-01 00:00:00","c++","5172","167544","3.086950293654","676407"
"2020","7","2020-07-01 00:00:00","java","10459","167544","6.242539273265","1666750"
"2020","7","2020-07-01 00:00:00","javascript","19918","167544","11.888220407773","2018266"
"2020","7","2020-07-01 00:00:00","php","5960","167544","3.557274506995","1340034"
"2020","7","2020-07-01 00:00:00","python","26294","167544","15.693787900491","1449989"
"2020","8","2020-08-01 00:00:00","c#","7077","149810","4.723983712702","1412280"
"2020","8","2020-08-01 00:00:00","c++","4789","149810","3.196715840064","681196"
"2020","8","2020-08-01 00:00:00","java","9330","149810","6.227888658968","1676080"
"2020","8","2020-08-01 00:00:00","javascript","18067","149810","12.059942593952","2036333"
"2020","8","2020-08-01 00:00:00","php","4999","149810","3.336893398304","1345033"
"2020","8","2020-08-01 00:00:00","python","23087","149810","15.41085374808","1473076"
"2020","9","2020-09-01 00:00:00","c#","6469","143221","4.516795721297","1418749"
"2020","9","2020-09-01 00:00:00","c++","3929","143221","2.743312782343","685125"
"2020","9","2020-09-01 00:00:00","java","8959","143221","6.255367578776","1685039"
"2020","9","2020-09-01 00:00:00","javascript","16793","143221","11.725235824355","2053126"
"2020","9","2020-09-01 00:00:00","php","4790","143221","3.344481605351","1349823"
"2020","9","2020-09-01 00:00:00","python","21785","143221","15.210758198867","1494861"
"2020","10","2020-10-01 00:00:00","c#","6208","143325","4.331414617128","1424957"
"2020","10","2020-10-01 00:00:00","c++","4337","143325","3.025989883132","689462"
"2020","10","2020-10-01 00:00:00","java","8962","143325","6.252921681493","1694001"
"2020","10","2020-10-01 00:00:00","javascript","16462","143325","11.485784057212","2069588"
"2020","10","2020-10-01 00:00:00","php","4596","143325","3.20669806384","1354419"
"2020","10","2020-10-01 00:00:00","python","22835","143325","15.932321646607","1517696"
"2020","11","2020-11-01 00:00:00","c#","5994","136537","4.390018822736","1430951"
"2020","11","2020-11-01 00:00:00","c++","4341","136537","3.179357976226","693803"
"2020","11","2020-11-01 00:00:00","java","8507","136537","6.230545566403","1702508"
"2020","11","2020-11-01 00:00:00","javascript","15558","136537","11.394713520877","2085146"
"2020","11","2020-11-01 00:00:00","php","4639","136537","3.397613833612","1359058"
"2020","11","2020-11-01 00:00:00","python","22241","136537","16.289357463544","1539937"
"2020","12","2020-12-01 00:00:00","c#","5751","135525","4.243497509684","1436702"
"2020","12","2020-12-01 00:00:00","c++","4459","135525","3.290167865707","698262"
"2020","12","2020-12-01 00:00:00","java","7848","135525","5.790813503043","1710356"
"2020","12","2020-12-01 00:00:00","javascript","16063","135525","11.852425751706","2101209"
"2020","12","2020-12-01 00:00:00","php","4816","135525","3.553587898911","1363874"
"2020","12","2020-12-01 00:00:00","python","22268","135525","16.430916805017","1562205"
"2021","1","2021-01-01 00:00:00","c#","6215","141555","4.390519586026","1442917"
"2021","1","2021-01-01 00:00:00","c++","4113","141555","2.905584401822","702375"
"2021","1","2021-01-01 00:00:00","java","8066","141555","5.698138532725","1718422"
"2021","1","2021-01-01 00:00:00","javascript","16922","141555","11.954364028116","2118131"
"2021","1","2021-01-01 00:00:00","php","4768","141555","3.368302073399","1368642"
"2021","1","2021-01-01 00:00:00","python","22934","141555","16.201476457913","1585139"
"2021","2","2021-02-01 00:00:00","c#","5817","133277","4.364594040982","1448734"
"2021","2","2021-02-01 00:00:00","c++","4110","133277","3.083802906728","706485"
"2021","2","2021-02-01 00:00:00","java","7620","133277","5.717415608094","1726042"
"2021","2","2021-02-01 00:00:00","javascript","15318","133277","11.493355942885","2133449"
"2021","2","2021-02-01 00:00:00","php","4390","133277","3.29389166923","1373032"
"2021","2","2021-02-01 00:00:00","python","21462","133277","16.10330364579","1606601"
"2021","3","2021-03-01 00:00:00","c#","6416","151015","4.24858457769","1455150"
"2021","3","2021-03-01 00:00:00","c++","4322","151015","2.861967354236","710807"
"2021","3","2021-03-01 00:00:00","java","8701","151015","5.76167930338","1734743"
"2021","3","2021-03-01 00:00:00","javascript","16828","151015","11.14326391418","2150277"
"2021","3","2021-03-01 00:00:00","php","4781","151015","3.165910671125","1377813"
"2021","3","2021-03-01 00:00:00","python","24002","151015","15.893785385557","1630603"
"2021","4","2021-04-01 00:00:00","c#","5934","138209","4.293497529104","1461084"
"2021","4","2021-04-01 00:00:00","c++","3965","138209","2.868843563009","714772"
"2021","4","2021-04-01 00:00:00","java","7968","138209","5.765181717543","1742711"
"2021","4","2021-04-01 00:00:00","javascript","15926","138209","11.523128016265","2166203"
"2021","4","2021-04-01 00:00:00","php","4345","138209","3.143789478253","1382158"
"2021","4","2021-04-01 00:00:00","python","22817","138209","16.509055126656","1653420"
"2021","5","2021-05-01 00:00:00","c#","6030","145645","4.140203920491","1467114"
"2021","5","2021-05-01 00:00:00","c++","4326","145645","2.970235847437","719098"
"2021","5","2021-05-01 00:00:00","java","8516","145645","5.847093961344","1751227"
"2021","5","2021-05-01 00:00:00","javascript","16727","145645","11.484774623227","2182930"
"2021","5","2021-05-01 00:00:00","php","4545","145645","3.12060146246","1386703"
"2021","5","2021-05-01 00:00:00","python","23714","145645","16.282055683339","1677134"
"2021","6","2021-06-01 00:00:00","c#","6392","159047","4.01893779826","1473506"
"2021","6","2021-06-01 00:00:00","c++","4154","159047","2.611806572899","723252"
"2021","6","2021-06-01 00:00:00","java","9153","159047","5.754902638842","1760380"
"2021","6","2021-06-01 00:00:00","javascript","17547","159047","11.032587851389","2200477"
"2021","6","2021-06-01 00:00:00","php","4822","159047","3.031808207636","1391525"
"2021","6","2021-06-01 00:00:00","python","24439","159047","15.365898130741","1701573"
"2021","7","2021-07-01 00:00:00","c#","5921","152321","3.88718561459","1479427"
"2021","7","2021-07-01 00:00:00","c++","3767","152321","2.473066747198","727019"
"2021","7","2021-07-01 00:00:00","java","8279","152321","5.435232174158","1768659"
"2021","7","2021-07-01 00:00:00","javascript","17256","152321","11.328707138214","2217733"
"2021","7","2021-07-01 00:00:00","php","4578","152321","3.005494974429","1396103"
"2021","7","2021-07-01 00:00:00","python","24001","152321","15.75685558787","1725574"
"2021","8","2021-08-01 00:00:00","c#","5734","148340","3.865444249696","1485161"
"2021","8","2021-08-01 00:00:00","c++","3462","148340","2.333827693137","730481"
"2021","8","2021-08-01 00:00:00","java","7911","148340","5.33301874073","1776570"
"2021","8","2021-08-01 00:00:00","javascript","16953","148340","11.428475124713","2234686"
"2021","8","2021-08-01 00:00:00","php","4555","148340","3.070648510179","1400658"
"2021","8","2021-08-01 00:00:00","python","23010","148340","15.511662397195","1748584"
"2021","9","2021-09-01 00:00:00","c#","5737","144632","3.966618728911","1490898"
"2021","9","2021-09-01 00:00:00","c++","3901","144632","2.697190110072","734382"
"2021","9","2021-09-01 00:00:00","java","7757","144632","5.363266773604","1784327"
"2021","9","2021-09-01 00:00:00","javascript","16591","144632","11.471182034404","2251277"
"2021","9","2021-09-01 00:00:00","php","4289","144632","2.965457160241","1404947"
"2021","9","2021-09-01 00:00:00","python","21847","144632","15.105232590298","1770431"
"2021","10","2021-10-01 00:00:00","c#","5990","144672","4.140400353904","1496888"
"2021","10","2021-10-01 00:00:00","c++","4053","144672","2.801509621765","738435"
"2021","10","2021-10-01 00:00:00","java","7726","144672","5.340356115903","1792053"
"2021","10","2021-10-01 00:00:00","javascript","16042","144672","11.088531298385","2267319"
"2021","10","2021-10-01 00:00:00","php","4212","144672","2.911413404114","1409159"
"2021","10","2021-10-01 00:00:00","python","22770","144672","15.73905109489","1793201"
"2021","11","2021-11-01 00:00:00","c#","6368","145808","4.367387248984","1503256"
"2021","11","2021-11-01 00:00:00","c++","4157","145808","2.851009546801","742592"
"2021","11","2021-11-01 00:00:00","java","8263","145808","5.667041588938","1800316"
"2021","11","2021-11-01 00:00:00","javascript","15801","145808","10.836853944913","2283120"
"2021","11","2021-11-01 00:00:00","php","4110","145808","2.818775375836","1413269"
"2021","11","2021-11-01 00:00:00","python","23327","145808","15.998436299791","1816528"
"2021","12","2021-12-01 00:00:00","c#","5709","136621","4.178713374956","1508965"
"2021","12","2021-12-01 00:00:00","c++","3863","136621","2.827530174716","746455"
"2021","12","2021-12-01 00:00:00","java","7524","136621","5.507206066417","1807840"
"2021","12","2021-12-01 00:00:00","javascript","15260","136621","11.169585934812","2298380"
"2021","12","2021-12-01 00:00:00","php","3722","136621","2.724324957363","1416991"
"2021","12","2021-12-01 00:00:00","python","22023","136621","16.119776608281","1838551"
"2022","1","2022-01-01 00:00:00","c#","5914","144194","4.10141892173","1514879"
"2022","1","2022-01-01 00:00:00","c++","3890","144194","2.697754414191","750345"
"2022","1","2022-01-01 00:00:00","java","7703","144194","5.342108548205","1815543"
"2022","1","2022-01-01 00:00:00","javascript","16267","144194","11.281329320221","2314647"
"2022","1","2022-01-01 00:00:00","php","4010","144194","2.780975630053","1421001"
"2022","1","2022-01-01 00:00:00","python","22636","144194","15.698295352095","1861187"
"2022","2","2022-02-01 00:00:00","c#","5844","141441","4.131758118225","1520723"
"2022","2","2022-02-01 00:00:00","c++","3488","141441","2.466045913136","753833"
"2022","2","2022-02-01 00:00:00","java","7296","141441","5.158334570598","1822839"
"2022","2","2022-02-01 00:00:00","javascript","15481","141441","10.945199765273","2330128"
"2022","2","2022-02-01 00:00:00","php","3729","141441","2.636434979956","1424730"
"2022","2","2022-02-01 00:00:00","python","22689","141441","16.041317581182","1883876"
"2022","3","2022-03-01 00:00:00","c#","6514","154617","4.212990809548","1527237"
"2022","3","2022-03-01 00:00:00","c++","3856","154617","2.493904292542","757689"
"2022","3","2022-03-01 00:00:00","java","8164","154617","5.280143839293","1831003"
"2022","3","2022-03-01 00:00:00","javascript","16404","154617","10.609441393895","2346532"
"2022","3","2022-03-01 00:00:00","php","3787","154617","2.449277893116","1428517"
"2022","3","2022-03-01 00:00:00","python","24669","154617","15.954907933797","1908545"
"2022","4","2022-04-01 00:00:00","c#","6167","148137","4.163038268629","1533404"
"2022","4","2022-04-01 00:00:00","c++","4048","148137","2.732605628573","761737"
"2022","4","2022-04-01 00:00:00","java","8165","148137","5.511789762179","1839168"
"2022","4","2022-04-01 00:00:00","javascript","16640","148137","11.232845271606","2363172"
"2022","4","2022-04-01 00:00:00","php","4110","148137","2.774458778023","1432627"
"2022","4","2022-04-01 00:00:00","python","24505","148137","16.542119794514","1933050"
"2022","5","2022-05-01 00:00:00","c#","4829","115113","4.195008383067","1538233"
"2022","5","2022-05-01 00:00:00","c++","3252","115113","2.825050168095","764989"
"2022","5","2022-05-01 00:00:00","java","6419","115113","5.576259849017","1845587"
"2022","5","2022-05-01 00:00:00","javascript","12817","115113","11.134276754145","2375989"
"2022","5","2022-05-01 00:00:00","php","3547","115113","3.081320094168","1436174"
"2022","5","2022-05-01 00:00:00","python","18574","115113","16.135449514824","1951624"